{"basicCannyKernel": 7.0, "basicCannyThreshold2": 150.0, "basicCannyThreshold1": 50, "laneBottomLeftOffset": 0.24270833333333333, "laneBottomRightOffset": 0.15625, "laneTopLeftOffset": 0.3385416666666667, "laneTopRightOffset": 0.33072916666666663, "laneInterestingHeight": 0.7898148148148149, "basicHoughRho": 2, "basicHoughTheta": 0.017453292516666667, "basicHoughThreshold": 60, "basicHoughMaxGap": 30, "basicHoughMinLength": 10, "forwardMotorSpeed": 160.0, "turnMotorSpeed": 80.0}