{"basicCannyKernel": 7.0, "basicCannyThreshold2": 150.0, "basicCannyThreshold1": 50, "laneBottomLeftOffset": 0.18697916666666667, "laneBottomRightOffset": 0.3364583333333333, "laneTopLeftOffset": 0.33697916666666666, "laneTopRightOffset": 0.4447916666666667, "laneInterestingHeight": 0.7935185185185185, "basicHoughRho": 2, "basicHoughTheta": 0.017453292516666667, "basicHoughThreshold": 60, "basicHoughMaxGap": 30, "basicHoughMinLength": 10, "forwardMotorSpeed": 160.0, "turnMotorSpeed": 80.0}